-- MySQL dump 10.13  Distrib 5.6.23, for osx10.9 (x86_64)
--
-- Host: localhost    Database: gamma
-- ------------------------------------------------------
-- Server version	5.6.23

/*!40101 SET @OLD_CHARACTER_SET_CLIENT=@@CHARACTER_SET_CLIENT */;
/*!40101 SET @OLD_CHARACTER_SET_RESULTS=@@CHARACTER_SET_RESULTS */;
/*!40101 SET @OLD_COLLATION_CONNECTION=@@COLLATION_CONNECTION */;
/*!40101 SET NAMES utf8 */;
/*!40103 SET @OLD_TIME_ZONE=@@TIME_ZONE */;
/*!40103 SET TIME_ZONE='+00:00' */;
/*!40014 SET @OLD_UNIQUE_CHECKS=@@UNIQUE_CHECKS, UNIQUE_CHECKS=0 */;
/*!40014 SET @OLD_FOREIGN_KEY_CHECKS=@@FOREIGN_KEY_CHECKS, FOREIGN_KEY_CHECKS=0 */;
/*!40101 SET @OLD_SQL_MODE=@@SQL_MODE, SQL_MODE='NO_AUTO_VALUE_ON_ZERO' */;
/*!40111 SET @OLD_SQL_NOTES=@@SQL_NOTES, SQL_NOTES=0 */;

--
-- Table structure for table `Comments`
--

DROP TABLE IF EXISTS `Comments`;
/*!40101 SET @saved_cs_client     = @@character_set_client */;
/*!40101 SET character_set_client = utf8 */;
CREATE TABLE `Comments` (
  `id` int(11) NOT NULL AUTO_INCREMENT,
  `comment` varchar(255) DEFAULT NULL,
  `date` datetime DEFAULT NULL,
  `GameId` int(11) DEFAULT NULL,
  `UserId` int(11) DEFAULT NULL,
  PRIMARY KEY (`id`),
  KEY `GameId` (`GameId`),
  KEY `UserId` (`UserId`),
  CONSTRAINT `comments_ibfk_1` FOREIGN KEY (`GameId`) REFERENCES `Games` (`id`) ON DELETE SET NULL ON UPDATE CASCADE,
  CONSTRAINT `comments_ibfk_2` FOREIGN KEY (`UserId`) REFERENCES `Users` (`id`) ON DELETE SET NULL ON UPDATE CASCADE
) ENGINE=InnoDB AUTO_INCREMENT=24 DEFAULT CHARSET=utf8;
/*!40101 SET character_set_client = @saved_cs_client */;

--
-- Dumping data for table `Comments`
--

LOCK TABLES `Comments` WRITE;
/*!40000 ALTER TABLE `Comments` DISABLE KEYS */;
INSERT INTO `Comments` VALUES (1,'cool brah','2014-03-20 00:00:00',1,1),(2,'sweet game breh','2014-03-20 00:00:00',1,1),(3,NULL,'2015-03-25 01:46:41',NULL,NULL),(4,NULL,'2015-03-25 01:49:06',NULL,NULL),(5,NULL,'2015-03-25 01:50:46',NULL,NULL),(6,'pls','2015-03-25 01:54:04',NULL,NULL),(7,'sfdgh','2015-03-25 01:56:56',NULL,NULL),(8,'gfdhjk','2015-03-25 01:59:13',1,1),(9,'sdfgh','2015-03-25 01:59:39',1,1),(10,'gfdhjk','2015-03-25 01:59:49',1,1),(11,'hey','2015-03-25 03:28:28',3,1),(12,'yo','2015-03-25 04:37:51',3,1),(13,'wow','2015-03-25 05:28:48',1,1),(14,'hey','2015-03-25 16:31:32',4,1),(15,'howdy','2015-03-25 17:00:29',1,2),(16,'nice game man','2015-03-25 17:01:47',5,3),(17,'only huskies here','2015-03-25 17:02:51',3,1),(18,'sdghff','2015-03-25 19:13:26',1,1),(19,'hi','2015-03-25 19:19:12',6,1),(20,'pretty neat','2015-03-25 19:27:31',3,1),(21,'pretty cool game','2015-03-25 19:29:22',7,1),(22,'Hello','2015-04-01 19:31:10',8,1),(23,'hello','2015-04-01 19:48:21',9,5);
/*!40000 ALTER TABLE `Comments` ENABLE KEYS */;
UNLOCK TABLES;

--
-- Table structure for table `CommentsGames`
--

DROP TABLE IF EXISTS `CommentsGames`;
/*!40101 SET @saved_cs_client     = @@character_set_client */;
/*!40101 SET character_set_client = utf8 */;
CREATE TABLE `CommentsGames` (
  `GameId` int(11) NOT NULL DEFAULT '0',
  `CommentId` int(11) NOT NULL DEFAULT '0',
  PRIMARY KEY (`GameId`,`CommentId`),
  KEY `CommentId` (`CommentId`),
  CONSTRAINT `commentsgames_ibfk_1` FOREIGN KEY (`GameId`) REFERENCES `Games` (`id`) ON DELETE CASCADE ON UPDATE CASCADE,
  CONSTRAINT `commentsgames_ibfk_2` FOREIGN KEY (`CommentId`) REFERENCES `Comments` (`id`)
) ENGINE=InnoDB DEFAULT CHARSET=utf8;
/*!40101 SET character_set_client = @saved_cs_client */;

--
-- Dumping data for table `CommentsGames`
--

LOCK TABLES `CommentsGames` WRITE;
/*!40000 ALTER TABLE `CommentsGames` DISABLE KEYS */;
/*!40000 ALTER TABLE `CommentsGames` ENABLE KEYS */;
UNLOCK TABLES;

--
-- Table structure for table `Files`
--

DROP TABLE IF EXISTS `Files`;
/*!40101 SET @saved_cs_client     = @@character_set_client */;
/*!40101 SET character_set_client = utf8 */;
CREATE TABLE `Files` (
  `id` int(11) NOT NULL AUTO_INCREMENT,
  `type` enum('exec','doc','src') DEFAULT NULL,
  `path` varchar(255) DEFAULT NULL,
  `GameId` int(11) DEFAULT NULL,
  PRIMARY KEY (`id`),
  KEY `GameId` (`GameId`),
  CONSTRAINT `files_ibfk_1` FOREIGN KEY (`GameId`) REFERENCES `Games` (`id`) ON DELETE SET NULL ON UPDATE CASCADE
) ENGINE=InnoDB DEFAULT CHARSET=utf8;
/*!40101 SET character_set_client = @saved_cs_client */;

--
-- Dumping data for table `Files`
--

LOCK TABLES `Files` WRITE;
/*!40000 ALTER TABLE `Files` DISABLE KEYS */;
/*!40000 ALTER TABLE `Files` ENABLE KEYS */;
UNLOCK TABLES;

--
-- Table structure for table `Games`
--

DROP TABLE IF EXISTS `Games`;
/*!40101 SET @saved_cs_client     = @@character_set_client */;
/*!40101 SET character_set_client = utf8 */;
CREATE TABLE `Games` (
  `id` int(11) NOT NULL AUTO_INCREMENT,
  `name` varchar(255) DEFAULT NULL,
  `uploadDate` datetime DEFAULT NULL,
  `shortDesc` varchar(255) DEFAULT NULL,
  `longDesc` varchar(255) DEFAULT NULL,
  `visibility` enum('private','public','neu') DEFAULT NULL,
  `GenreId` int(11) DEFAULT NULL,
  `PlatformId` int(11) DEFAULT NULL,
  `LicenseId` int(11) DEFAULT NULL,
  PRIMARY KEY (`id`),
  KEY `GenreId` (`GenreId`),
  KEY `PlatformId` (`PlatformId`),
  KEY `LicenseId` (`LicenseId`),
  CONSTRAINT `games_ibfk_1` FOREIGN KEY (`GenreId`) REFERENCES `Genres` (`id`) ON DELETE SET NULL ON UPDATE CASCADE,
  CONSTRAINT `games_ibfk_2` FOREIGN KEY (`PlatformId`) REFERENCES `Platforms` (`id`) ON DELETE SET NULL ON UPDATE CASCADE,
  CONSTRAINT `games_ibfk_3` FOREIGN KEY (`LicenseId`) REFERENCES `Licenses` (`id`) ON DELETE SET NULL ON UPDATE CASCADE
) ENGINE=InnoDB AUTO_INCREMENT=10 DEFAULT CHARSET=utf8;
/*!40101 SET character_set_client = @saved_cs_client */;

--
-- Dumping data for table `Games`
--

LOCK TABLES `Games` WRITE;
/*!40000 ALTER TABLE `Games` DISABLE KEYS */;
INSERT INTO `Games` VALUES (1,'Public Game','2014-03-24 00:00:00','My public game','Its for you','public',1,2,3),(2,'Private Game','2014-03-24 00:00:00','My private game','its for me ','private',3,2,1),(3,'NEU Game','2014-03-24 00:00:00','ja','asdfgsfd','neu',2,2,2),(4,'test',NULL,'dsfhfd','dsfhgfhfghg dfgds','public',1,1,1),(5,'dfsg',NULL,'hghfj','sfdgsdfg','private',1,1,1),(6,'CS4500',NULL,'Game for software dev','this is a game','public',3,1,1),(7,'New Game',NULL,'Cool new game','In this game, you play to win','private',5,4,2),(8,'basel',NULL,'its my game','bla bla ','neu',2,1,1),(9,'basel',NULL,'why','bla bla ','private',2,3,1);
/*!40000 ALTER TABLE `Games` ENABLE KEYS */;
UNLOCK TABLES;

--
-- Table structure for table `GamesTags`
--

DROP TABLE IF EXISTS `GamesTags`;
/*!40101 SET @saved_cs_client     = @@character_set_client */;
/*!40101 SET character_set_client = utf8 */;
CREATE TABLE `GamesTags` (
  `TagId` int(11) NOT NULL DEFAULT '0',
  `GameId` int(11) NOT NULL DEFAULT '0',
  PRIMARY KEY (`TagId`,`GameId`),
  KEY `GameId` (`GameId`),
  CONSTRAINT `gamestags_ibfk_1` FOREIGN KEY (`TagId`) REFERENCES `Tags` (`id`) ON DELETE CASCADE ON UPDATE CASCADE,
  CONSTRAINT `gamestags_ibfk_2` FOREIGN KEY (`GameId`) REFERENCES `Games` (`id`)
) ENGINE=InnoDB DEFAULT CHARSET=utf8;
/*!40101 SET character_set_client = @saved_cs_client */;

--
-- Dumping data for table `GamesTags`
--

LOCK TABLES `GamesTags` WRITE;
/*!40000 ALTER TABLE `GamesTags` DISABLE KEYS */;
INSERT INTO `GamesTags` VALUES (1,4),(2,4),(3,4),(4,5),(5,5),(6,5),(7,6),(8,6),(9,7),(10,7),(11,7),(12,8),(12,9);
/*!40000 ALTER TABLE `GamesTags` ENABLE KEYS */;
UNLOCK TABLES;

--
-- Table structure for table `GamesUsers`
--

DROP TABLE IF EXISTS `GamesUsers`;
/*!40101 SET @saved_cs_client     = @@character_set_client */;
/*!40101 SET character_set_client = utf8 */;
CREATE TABLE `GamesUsers` (
  `UserId` int(11) NOT NULL DEFAULT '0',
  `GameId` int(11) NOT NULL DEFAULT '0',
  PRIMARY KEY (`UserId`,`GameId`),
  KEY `GameId` (`GameId`),
  CONSTRAINT `gamesusers_ibfk_1` FOREIGN KEY (`UserId`) REFERENCES `Users` (`id`) ON DELETE CASCADE ON UPDATE CASCADE,
  CONSTRAINT `gamesusers_ibfk_2` FOREIGN KEY (`GameId`) REFERENCES `Games` (`id`)
) ENGINE=InnoDB DEFAULT CHARSET=utf8;
/*!40101 SET character_set_client = @saved_cs_client */;

--
-- Dumping data for table `GamesUsers`
--

LOCK TABLES `GamesUsers` WRITE;
/*!40000 ALTER TABLE `GamesUsers` DISABLE KEYS */;
INSERT INTO `GamesUsers` VALUES (1,1),(1,2),(2,5),(3,5),(1,6),(2,6),(1,7),(2,7),(1,8),(2,8),(5,9);
/*!40000 ALTER TABLE `GamesUsers` ENABLE KEYS */;
UNLOCK TABLES;

--
-- Table structure for table `Genres`
--

DROP TABLE IF EXISTS `Genres`;
/*!40101 SET @saved_cs_client     = @@character_set_client */;
/*!40101 SET character_set_client = utf8 */;
CREATE TABLE `Genres` (
  `id` int(11) NOT NULL AUTO_INCREMENT,
  `name` varchar(255) DEFAULT NULL,
  PRIMARY KEY (`id`)
) ENGINE=InnoDB AUTO_INCREMENT=6 DEFAULT CHARSET=utf8;
/*!40101 SET character_set_client = @saved_cs_client */;

--
-- Dumping data for table `Genres`
--

LOCK TABLES `Genres` WRITE;
/*!40000 ALTER TABLE `Genres` DISABLE KEYS */;
INSERT INTO `Genres` VALUES (1,'Horror'),(2,'First Person Shooter'),(3,'Strategy'),(4,'Puzzle'),(5,'Adventure');
/*!40000 ALTER TABLE `Genres` ENABLE KEYS */;
UNLOCK TABLES;

--
-- Table structure for table `Licenses`
--

DROP TABLE IF EXISTS `Licenses`;
/*!40101 SET @saved_cs_client     = @@character_set_client */;
/*!40101 SET character_set_client = utf8 */;
CREATE TABLE `Licenses` (
  `id` int(11) NOT NULL AUTO_INCREMENT,
  `type` varchar(255) DEFAULT NULL,
  PRIMARY KEY (`id`)
) ENGINE=InnoDB AUTO_INCREMENT=6 DEFAULT CHARSET=utf8;
/*!40101 SET character_set_client = @saved_cs_client */;

--
-- Dumping data for table `Licenses`
--

LOCK TABLES `Licenses` WRITE;
/*!40000 ALTER TABLE `Licenses` DISABLE KEYS */;
INSERT INTO `Licenses` VALUES (1,'BSD'),(2,'GPL'),(3,'MIT'),(4,'Public Domain'),(5,'LGPL');
/*!40000 ALTER TABLE `Licenses` ENABLE KEYS */;
UNLOCK TABLES;

--
-- Table structure for table `Platforms`
--

DROP TABLE IF EXISTS `Platforms`;
/*!40101 SET @saved_cs_client     = @@character_set_client */;
/*!40101 SET character_set_client = utf8 */;
CREATE TABLE `Platforms` (
  `id` int(11) NOT NULL AUTO_INCREMENT,
  `type` enum('desktop','mobile','console') DEFAULT NULL,
  `name` varchar(255) DEFAULT NULL,
  PRIMARY KEY (`id`)
) ENGINE=InnoDB AUTO_INCREMENT=10 DEFAULT CHARSET=utf8;
/*!40101 SET character_set_client = @saved_cs_client */;

--
-- Dumping data for table `Platforms`
--

LOCK TABLES `Platforms` WRITE;
/*!40000 ALTER TABLE `Platforms` DISABLE KEYS */;
INSERT INTO `Platforms` VALUES (1,'desktop','PC'),(2,'desktop','Mac'),(3,'desktop','Linux'),(4,'mobile','iOS'),(5,'mobile','Android'),(6,'mobile','WP'),(7,'console','Xbox'),(8,'console','Playstation'),(9,'console','Wii');
/*!40000 ALTER TABLE `Platforms` ENABLE KEYS */;
UNLOCK TABLES;

--
-- Table structure for table `Ratings`
--

DROP TABLE IF EXISTS `Ratings`;
/*!40101 SET @saved_cs_client     = @@character_set_client */;
/*!40101 SET character_set_client = utf8 */;
CREATE TABLE `Ratings` (
  `id` int(11) NOT NULL AUTO_INCREMENT,
  `rating` int(11) DEFAULT NULL,
  `date` datetime DEFAULT NULL,
  `GameId` int(11) DEFAULT NULL,
  `UserId` int(11) DEFAULT NULL,
  PRIMARY KEY (`id`),
  KEY `GameId` (`GameId`),
  KEY `UserId` (`UserId`),
  CONSTRAINT `ratings_ibfk_1` FOREIGN KEY (`GameId`) REFERENCES `Games` (`id`) ON DELETE SET NULL ON UPDATE CASCADE,
  CONSTRAINT `ratings_ibfk_2` FOREIGN KEY (`UserId`) REFERENCES `Users` (`id`) ON DELETE SET NULL ON UPDATE CASCADE
) ENGINE=InnoDB AUTO_INCREMENT=19 DEFAULT CHARSET=utf8;
/*!40101 SET character_set_client = @saved_cs_client */;

--
-- Dumping data for table `Ratings`
--

LOCK TABLES `Ratings` WRITE;
/*!40000 ALTER TABLE `Ratings` DISABLE KEYS */;
INSERT INTO `Ratings` VALUES (1,4,'2014-03-20 00:00:00',1,1),(2,5,'2015-03-25 02:18:26',1,1),(3,5,'2015-03-25 03:28:45',1,1),(4,1,'2015-03-25 04:32:49',1,1),(5,1,'2015-03-25 04:38:56',3,1),(6,3,'2015-03-25 04:39:00',3,1),(7,1,'2015-03-25 04:39:05',3,1),(8,4,'2015-03-25 04:39:08',3,1),(9,4,'2015-03-25 16:31:34',4,1),(10,4,'2015-03-25 17:01:58',5,3),(11,1,'2015-03-25 18:58:10',1,1),(12,1,'2015-03-25 19:13:15',1,1),(13,4,'2015-03-25 19:16:06',6,1),(14,3,'2015-03-25 19:17:50',6,1),(15,5,'2015-03-25 19:27:39',3,1),(16,3,'2015-03-25 19:29:35',7,1),(17,5,'2015-04-01 19:31:16',8,1),(18,4,'2015-04-01 19:48:32',9,5);
/*!40000 ALTER TABLE `Ratings` ENABLE KEYS */;
UNLOCK TABLES;

--
-- Table structure for table `Tags`
--

DROP TABLE IF EXISTS `Tags`;
/*!40101 SET @saved_cs_client     = @@character_set_client */;
/*!40101 SET character_set_client = utf8 */;
CREATE TABLE `Tags` (
  `id` int(11) NOT NULL AUTO_INCREMENT,
  `tag` varchar(255) DEFAULT NULL,
  PRIMARY KEY (`id`)
) ENGINE=InnoDB AUTO_INCREMENT=13 DEFAULT CHARSET=utf8;
/*!40101 SET character_set_client = @saved_cs_client */;

--
-- Dumping data for table `Tags`
--

LOCK TABLES `Tags` WRITE;
/*!40000 ALTER TABLE `Tags` DISABLE KEYS */;
INSERT INTO `Tags` VALUES (1,'two'),(2,'three'),(3,'one'),(4,'cool'),(5,'fun'),(6,'scary'),(7,'risk'),(8,'tabletop'),(9,'mobile'),(10,'multiplayer'),(11,'fantasy'),(12,'shooting');
/*!40000 ALTER TABLE `Tags` ENABLE KEYS */;
UNLOCK TABLES;

--
-- Table structure for table `Users`
--

DROP TABLE IF EXISTS `Users`;
/*!40101 SET @saved_cs_client     = @@character_set_client */;
/*!40101 SET character_set_client = utf8 */;
CREATE TABLE `Users` (
  `id` int(11) NOT NULL AUTO_INCREMENT,
  `username` varchar(255) DEFAULT NULL,
  `password` varchar(255) DEFAULT NULL,
  PRIMARY KEY (`id`)
) ENGINE=InnoDB AUTO_INCREMENT=6 DEFAULT CHARSET=utf8;
/*!40101 SET character_set_client = @saved_cs_client */;

--
-- Dumping data for table `Users`
--

LOCK TABLES `Users` WRITE;
/*!40000 ALTER TABLE `Users` DISABLE KEYS */;
INSERT INTO `Users` VALUES (1,'rcj@ccs.neu.edu','$2a$10$TEEkWeLLZnUha9PAhnPV/ulG85tRezZzfGNSWJVJDckAMg7NHdbxi'),(2,'ryan@yahoo.cn','$2a$10$aSVWRL/UM0Y2HjajROja/O0LLP.USiYg9qQxjpimekX4xCF8gWD6u'),(3,'jamel@yandex.ru','$2a$10$Ki8VJn9hTK7YVgmBAPjXye4RLZApl/jf0mBdJYPoqwx8uiR69td0G'),(4,'basil','$2a$10$.0CK/PLVN8pZ3N/Vd9R1huKQDfkA6zwlPSJYJ8o6SXiYtIusoZy7m'),(5,'basil@gmail.com','$2a$10$ZgXFHa5zdN1cvLosdUoDeOlWnHlSY6EbTwfIRtVV6msQR4U947ld6');
/*!40000 ALTER TABLE `Users` ENABLE KEYS */;
UNLOCK TABLES;
/*!40103 SET TIME_ZONE=@OLD_TIME_ZONE */;

/*!40101 SET SQL_MODE=@OLD_SQL_MODE */;
/*!40014 SET FOREIGN_KEY_CHECKS=@OLD_FOREIGN_KEY_CHECKS */;
/*!40014 SET UNIQUE_CHECKS=@OLD_UNIQUE_CHECKS */;
/*!40101 SET CHARACTER_SET_CLIENT=@OLD_CHARACTER_SET_CLIENT */;
/*!40101 SET CHARACTER_SET_RESULTS=@OLD_CHARACTER_SET_RESULTS */;
/*!40101 SET COLLATION_CONNECTION=@OLD_COLLATION_CONNECTION */;
/*!40111 SET SQL_NOTES=@OLD_SQL_NOTES */;

-- Dump completed on 2015-04-12 17:29:20
